user_id,cookie_id,insight_level,last_login,additional_info_json
60443e6d-c02c-4d95-b812-a7f6f1b32f17,64004249-8b68-44c8-b782-e2a478dd2330,Medium,2023-12-02 19:42:13.375021,"{""discounts"": {""cashback_percentage"": 4, ""special_offers"": [""Free financial consultation"", ""Exclusive credit card benefits""]}, ""suggested_products"": [""Savings Account with high interest"", ""Credit Card with travel rewards""], ""preferences"": {""preferred_category"": ""Travel"", ""preferred_payment_method"": ""Credit Card""}, ""notifications"": {""email"": true, ""sms"": false, ""app_push"": true}}"
3be52b8e-ab08-4c0d-9e41-c576259e3aa2,99f40165-c594-4dd9-8822-47dd8a43db36,Medium,2023-12-02 07:03:28.644206,"{""discounts"": {""cashback_percentage"": 4, ""special_offers"": [""Free financial consultation"", ""Exclusive credit card benefits""]}, ""suggested_products"": [""Savings Account with high interest"", ""Credit Card with travel rewards""], ""preferences"": {""preferred_category"": ""Dining"", ""preferred_payment_method"": ""Credit Card""}, ""notifications"": {""email"": false, ""sms"": true, ""app_push"": true}}"
24bb3731-8391-45d5-8c9b-907484adf86e,8ea265e0-aa07-457d-be39-29bae4fdb7fa,High,2023-12-05 13:46:37.725802,"{""discounts"": {""cashback_percentage"": 5, ""special_offers"": [""Free financial consultation"", ""Exclusive credit card benefits""]}, ""suggested_products"": [""Savings Account with high interest"", ""Credit Card with travel rewards""], ""preferences"": {""preferred_category"": ""Dining"", ""preferred_payment_method"": ""Debit Card""}, ""notifications"": {""email"": true, ""sms"": true, ""app_push"": true}}"
81fce461-4452-4e06-8f6a-c576af8ec8d1,b18e8fb7-d5c7-46a7-ab0c-89cd456446a0,High,2023-12-05 00:12:39.473761,"{""discounts"": {""cashback_percentage"": 5, ""special_offers"": [""Free financial consultation"", ""Exclusive credit card benefits""]}, ""suggested_products"": [""Savings Account with high interest"", ""Credit Card with travel rewards""], ""preferences"": {""preferred_category"": ""Travel"", ""preferred_payment_method"": ""Debit Card""}, ""notifications"": {""email"": true, ""sms"": false, ""app_push"": false}}"
21c84102-cb6c-4504-afda-7c813d8e1104,af44d585-b586-47e5-a217-e0cf8684f4a4,High,2023-12-05 06:14:24.130831,"{""discounts"": {""cashback_percentage"": 3, ""special_offers"": [""Free financial consultation"", ""Exclusive credit card benefits""]}, ""suggested_products"": [""Savings Account with high interest"", ""Credit Card with travel rewards""], ""preferences"": {""preferred_category"": ""Shopping"", ""preferred_payment_method"": ""Credit Card""}, ""notifications"": {""email"": false, ""sms"": false, ""app_push"": true}}"
8a57e4e6-06ce-4503-af52-a64be5f7babd,f1ea8b36-7dba-4fba-be9f-948021c07c83,Medium,2023-12-05 04:50:44.428984,"{""discounts"": {""cashback_percentage"": 4, ""special_offers"": [""Free financial consultation"", ""Exclusive credit card benefits""]}, ""suggested_products"": [""Savings Account with high interest"", ""Credit Card with travel rewards""], ""preferences"": {""preferred_category"": ""Travel"", ""preferred_payment_method"": ""Debit Card""}, ""notifications"": {""email"": true, ""sms"": true, ""app_push"": true}}"
26c0a551-e3f4-4d84-b2ef-da75162d0d82,dc0dc13b-00ae-4fef-875b-cff712982a75,Medium,2023-12-03 15:10:09.850981,"{""discounts"": {""cashback_percentage"": 3, ""special_offers"": [""Free financial consultation"", ""Exclusive credit card benefits""]}, ""suggested_products"": [""Savings Account with high interest"", ""Credit Card with travel rewards""], ""preferences"": {""preferred_category"": ""Dining"", ""preferred_payment_method"": ""Credit Card""}, ""notifications"": {""email"": false, ""sms"": false, ""app_push"": false}}"
c29bcb0f-531a-4a06-9779-b5f800877f2e,3cea8abf-51ab-4306-b55c-f9ff81b75e22,Medium,2023-12-05 05:58:04.082912,"{""discounts"": {""cashback_percentage"": 2, ""special_offers"": [""Free financial consultation"", ""Exclusive credit card benefits""]}, ""suggested_products"": [""Savings Account with high interest"", ""Credit Card with travel rewards""], ""preferences"": {""preferred_category"": ""Dining"", ""preferred_payment_method"": ""Credit Card""}, ""notifications"": {""email"": false, ""sms"": false, ""app_push"": true}}"
77ab7ae9-a765-4b6a-a9be-362eb5246cd4,3a3719b8-5e42-4a72-b57b-923fabf762fa,Low,2023-12-02 14:22:33.291195,"{""discounts"": {""cashback_percentage"": 3, ""special_offers"": [""Free financial consultation"", ""Exclusive credit card benefits""]}, ""suggested_products"": [""Savings Account with high interest"", ""Credit Card with travel rewards""], ""preferences"": {""preferred_category"": ""Travel"", ""preferred_payment_method"": ""Debit Card""}, ""notifications"": {""email"": true, ""sms"": false, ""app_push"": false}}"
1dc2d67b-f062-44c0-8999-101117b623ee,c72218ca-543a-41bb-9f41-2561989375b3,Low,2023-12-03 14:28:48.006776,"{""discounts"": {""cashback_percentage"": 5, ""special_offers"": [""Free financial consultation"", ""Exclusive credit card benefits""]}, ""suggested_products"": [""Savings Account with high interest"", ""Credit Card with travel rewards""], ""preferences"": {""preferred_category"": ""Dining"", ""preferred_payment_method"": ""Credit Card""}, ""notifications"": {""email"": false, ""sms"": false, ""app_push"": true}}"
5b669c45-295c-44fd-b348-9e5da77b20a4,0e795081-8433-448c-8c8c-f6362d5fc7d5,Medium,2023-12-05 16:48:08.687090,"{""discounts"": {""cashback_percentage"": 2, ""special_offers"": [""Free financial consultation"", ""Exclusive credit card benefits""]}, ""suggested_products"": [""Savings Account with high interest"", ""Credit Card with travel rewards""], ""preferences"": {""preferred_category"": ""Travel"", ""preferred_payment_method"": ""Debit Card""}, ""notifications"": {""email"": true, ""sms"": false, ""app_push"": false}}"
577b0222-aaf2-4a3d-888b-1d12d2c0e839,e6accd8f-8752-47bb-a049-aed876233696,Medium,2023-12-01 17:09:34.126730,"{""discounts"": {""cashback_percentage"": 3, ""special_offers"": [""Free financial consultation"", ""Exclusive credit card benefits""]}, ""suggested_products"": [""Savings Account with high interest"", ""Credit Card with travel rewards""], ""preferences"": {""preferred_category"": ""Dining"", ""preferred_payment_method"": ""Credit Card""}, ""notifications"": {""email"": true, ""sms"": true, ""app_push"": true}}"
8be3a010-5068-424d-9dbc-8bc242c85aa8,2e7f4759-3105-4fa2-856f-8aa5efbe7521,High,2023-12-04 07:20:27.264867,"{""discounts"": {""cashback_percentage"": 4, ""special_offers"": [""Free financial consultation"", ""Exclusive credit card benefits""]}, ""suggested_products"": [""Savings Account with high interest"", ""Credit Card with travel rewards""], ""preferences"": {""preferred_category"": ""Shopping"", ""preferred_payment_method"": ""Credit Card""}, ""notifications"": {""email"": false, ""sms"": true, ""app_push"": false}}"
298e5065-0d7f-4c4f-98a3-3d1c9737583d,50b40446-9fe3-4e11-b26d-8a611e39b4e8,High,2023-12-05 20:54:55.477742,"{""discounts"": {""cashback_percentage"": 2, ""special_offers"": [""Free financial consultation"", ""Exclusive credit card benefits""]}, ""suggested_products"": [""Savings Account with high interest"", ""Credit Card with travel rewards""], ""preferences"": {""preferred_category"": ""Dining"", ""preferred_payment_method"": ""Credit Card""}, ""notifications"": {""email"": true, ""sms"": true, ""app_push"": true}}"
5068447d-284c-4340-9c7b-c8be211714f0,83343fbc-570d-4093-afde-d97a8f59f593,High,2023-12-02 20:32:16.562424,"{""discounts"": {""cashback_percentage"": 2, ""special_offers"": [""Free financial consultation"", ""Exclusive credit card benefits""]}, ""suggested_products"": [""Savings Account with high interest"", ""Credit Card with travel rewards""], ""preferences"": {""preferred_category"": ""Shopping"", ""preferred_payment_method"": ""Credit Card""}, ""notifications"": {""email"": false, ""sms"": false, ""app_push"": false}}"
38a69861-d24c-48d4-a1b9-a804d36b5fb3,fbb6b2a4-7859-4bde-9623-1a0d17cd73ce,Medium,2023-12-01 17:07:18.027056,"{""discounts"": {""cashback_percentage"": 4, ""special_offers"": [""Free financial consultation"", ""Exclusive credit card benefits""]}, ""suggested_products"": [""Savings Account with high interest"", ""Credit Card with travel rewards""], ""preferences"": {""preferred_category"": ""Dining"", ""preferred_payment_method"": ""Credit Card""}, ""notifications"": {""email"": false, ""sms"": true, ""app_push"": true}}"
56918cee-8fb9-44ff-971d-55a05709c2f6,1b853c5f-b0f2-4481-af91-8a9da0256d39,Low,2023-12-04 09:57:14.933399,"{""discounts"": {""cashback_percentage"": 2, ""special_offers"": [""Free financial consultation"", ""Exclusive credit card benefits""]}, ""suggested_products"": [""Savings Account with high interest"", ""Credit Card with travel rewards""], ""preferences"": {""preferred_category"": ""Shopping"", ""preferred_payment_method"": ""Credit Card""}, ""notifications"": {""email"": false, ""sms"": false, ""app_push"": false}}"
1dc7c364-27dd-4470-ae9a-9d25a1249119,5df2e5ac-e434-455c-afb5-517036a6a20c,Medium,2023-12-05 01:15:01.055558,"{""discounts"": {""cashback_percentage"": 2, ""special_offers"": [""Free financial consultation"", ""Exclusive credit card benefits""]}, ""suggested_products"": [""Savings Account with high interest"", ""Credit Card with travel rewards""], ""preferences"": {""preferred_category"": ""Travel"", ""preferred_payment_method"": ""Debit Card""}, ""notifications"": {""email"": false, ""sms"": true, ""app_push"": true}}"
9343cdd2-d232-458e-b254-e523ed38bc8a,f3e9e887-c714-4767-bed2-510106c5b547,Low,2023-12-01 12:36:57.291416,"{""discounts"": {""cashback_percentage"": 1, ""special_offers"": [""Free financial consultation"", ""Exclusive credit card benefits""]}, ""suggested_products"": [""Savings Account with high interest"", ""Credit Card with travel rewards""], ""preferences"": {""preferred_category"": ""Shopping"", ""preferred_payment_method"": ""Credit Card""}, ""notifications"": {""email"": false, ""sms"": false, ""app_push"": false}}"
26933b03-f441-4758-a3fa-cebf68b4ebc3,b4294dc1-94e8-469f-b5ea-3809e4876b75,Low,2023-12-04 13:27:53.147845,"{""discounts"": {""cashback_percentage"": 2, ""special_offers"": [""Free financial consultation"", ""Exclusive credit card benefits""]}, ""suggested_products"": [""Savings Account with high interest"", ""Credit Card with travel rewards""], ""preferences"": {""preferred_category"": ""Travel"", ""preferred_payment_method"": ""Debit Card""}, ""notifications"": {""email"": false, ""sms"": true, ""app_push"": true}}"
f53382e8-86db-47a1-ad8c-f31882cc5e52,6e31e2b7-f2d1-4c68-84c4-ed9c3d21bcc4,Medium,2023-12-02 14:42:42.331865,"{""discounts"": {""cashback_percentage"": 1, ""special_offers"": [""Free financial consultation"", ""Exclusive credit card benefits""]}, ""suggested_products"": [""Savings Account with high interest"", ""Credit Card with travel rewards""], ""preferences"": {""preferred_category"": ""Travel"", ""preferred_payment_method"": ""Credit Card""}, ""notifications"": {""email"": true, ""sms"": false, ""app_push"": false}}"
4578ac86-fbab-4a16-bcbe-4ddc28cd1994,dd0831a7-d2ad-4f13-8328-8e32e9308a36,Medium,2023-12-05 10:24:06.813440,"{""discounts"": {""cashback_percentage"": 1, ""special_offers"": [""Free financial consultation"", ""Exclusive credit card benefits""]}, ""suggested_products"": [""Savings Account with high interest"", ""Credit Card with travel rewards""], ""preferences"": {""preferred_category"": ""Dining"", ""preferred_payment_method"": ""Debit Card""}, ""notifications"": {""email"": true, ""sms"": false, ""app_push"": true}}"
32f5a64d-9302-4d5b-9470-4ab69f818692,d8f1cad7-0a0f-4913-acdf-f4789d3ba35a,Low,2023-12-03 18:21:08.625078,"{""discounts"": {""cashback_percentage"": 1, ""special_offers"": [""Free financial consultation"", ""Exclusive credit card benefits""]}, ""suggested_products"": [""Savings Account with high interest"", ""Credit Card with travel rewards""], ""preferences"": {""preferred_category"": ""Shopping"", ""preferred_payment_method"": ""Credit Card""}, ""notifications"": {""email"": true, ""sms"": true, ""app_push"": true}}"
e224ab9a-13b2-4108-bf65-3a384c3e312b,7968279a-5a6b-48e7-b078-31dd6adc4267,Medium,2023-12-04 14:35:31.840857,"{""discounts"": {""cashback_percentage"": 3, ""special_offers"": [""Free financial consultation"", ""Exclusive credit card benefits""]}, ""suggested_products"": [""Savings Account with high interest"", ""Credit Card with travel rewards""], ""preferences"": {""preferred_category"": ""Dining"", ""preferred_payment_method"": ""Debit Card""}, ""notifications"": {""email"": false, ""sms"": false, ""app_push"": true}}"
04466537-e724-4a28-b78e-8afec1c24bee,30a37cfb-b261-4f89-be86-f439ca2754ae,Medium,2023-12-01 19:06:08.234633,"{""discounts"": {""cashback_percentage"": 5, ""special_offers"": [""Free financial consultation"", ""Exclusive credit card benefits""]}, ""suggested_products"": [""Savings Account with high interest"", ""Credit Card with travel rewards""], ""preferences"": {""preferred_category"": ""Shopping"", ""preferred_payment_method"": ""Credit Card""}, ""notifications"": {""email"": false, ""sms"": false, ""app_push"": true}}"
ee9f6c33-10d3-4f77-ba64-04a0df3629dd,e9731295-7ba3-414c-8634-8ca99061cd32,Low,2023-12-02 16:38:59.636190,"{""discounts"": {""cashback_percentage"": 1, ""special_offers"": [""Free financial consultation"", ""Exclusive credit card benefits""]}, ""suggested_products"": [""Savings Account with high interest"", ""Credit Card with travel rewards""], ""preferences"": {""preferred_category"": ""Travel"", ""preferred_payment_method"": ""Credit Card""}, ""notifications"": {""email"": false, ""sms"": false, ""app_push"": false}}"
f45a97b6-db73-4277-83e6-93c35d4e93bc,42ba278c-3758-4f4e-9c4f-02dae5dfa495,Low,2023-12-02 19:29:32.379637,"{""discounts"": {""cashback_percentage"": 3, ""special_offers"": [""Free financial consultation"", ""Exclusive credit card benefits""]}, ""suggested_products"": [""Savings Account with high interest"", ""Credit Card with travel rewards""], ""preferences"": {""preferred_category"": ""Travel"", ""preferred_payment_method"": ""Debit Card""}, ""notifications"": {""email"": true, ""sms"": true, ""app_push"": false}}"
0a1ec596-7248-4ff0-aa1e-d9f1b8dd6cd4,30f72d94-e67b-4ce0-aa85-e559dd74a43a,High,2023-12-01 07:56:49.756418,"{""discounts"": {""cashback_percentage"": 1, ""special_offers"": [""Free financial consultation"", ""Exclusive credit card benefits""]}, ""suggested_products"": [""Savings Account with high interest"", ""Credit Card with travel rewards""], ""preferences"": {""preferred_category"": ""Travel"", ""preferred_payment_method"": ""Debit Card""}, ""notifications"": {""email"": false, ""sms"": true, ""app_push"": true}}"
8916ad1d-1eb6-435c-8adb-b2dfc0565834,01fbf771-9259-481c-90b3-c0a787e1d356,Medium,2023-12-05 03:20:34.052798,"{""discounts"": {""cashback_percentage"": 2, ""special_offers"": [""Free financial consultation"", ""Exclusive credit card benefits""]}, ""suggested_products"": [""Savings Account with high interest"", ""Credit Card with travel rewards""], ""preferences"": {""preferred_category"": ""Travel"", ""preferred_payment_method"": ""Credit Card""}, ""notifications"": {""email"": true, ""sms"": true, ""app_push"": false}}"
84b3a3fc-9ef0-4c45-8e04-b75a8545c087,df4e84bc-db2a-4500-8d45-bd21329919a3,Low,2023-12-02 06:10:27.911298,"{""discounts"": {""cashback_percentage"": 4, ""special_offers"": [""Free financial consultation"", ""Exclusive credit card benefits""]}, ""suggested_products"": [""Savings Account with high interest"", ""Credit Card with travel rewards""], ""preferences"": {""preferred_category"": ""Travel"", ""preferred_payment_method"": ""Credit Card""}, ""notifications"": {""email"": false, ""sms"": false, ""app_push"": false}}"
1dd7a0a6-cafa-4b28-804d-4e18c45e998d,339e4f5f-3bee-4ac9-ba41-f5cb4a8fc114,Medium,2023-12-02 21:50:21.614877,"{""discounts"": {""cashback_percentage"": 1, ""special_offers"": [""Free financial consultation"", ""Exclusive credit card benefits""]}, ""suggested_products"": [""Savings Account with high interest"", ""Credit Card with travel rewards""], ""preferences"": {""preferred_category"": ""Dining"", ""preferred_payment_method"": ""Debit Card""}, ""notifications"": {""email"": true, ""sms"": true, ""app_push"": false}}"
cb264d6c-c0d4-4f91-84fa-e2d23e31df31,7ca49651-9e9d-4220-a631-5b63daa087dc,Medium,2023-12-05 01:47:08.735260,"{""discounts"": {""cashback_percentage"": 5, ""special_offers"": [""Free financial consultation"", ""Exclusive credit card benefits""]}, ""suggested_products"": [""Savings Account with high interest"", ""Credit Card with travel rewards""], ""preferences"": {""preferred_category"": ""Travel"", ""preferred_payment_method"": ""Credit Card""}, ""notifications"": {""email"": false, ""sms"": true, ""app_push"": true}}"
7182c2ce-f698-4043-8a78-abf07c51d50f,b068ac09-ffd6-4794-8f7d-bf5d4b55dedf,High,2023-12-04 14:28:59.258119,"{""discounts"": {""cashback_percentage"": 1, ""special_offers"": [""Free financial consultation"", ""Exclusive credit card benefits""]}, ""suggested_products"": [""Savings Account with high interest"", ""Credit Card with travel rewards""], ""preferences"": {""preferred_category"": ""Dining"", ""preferred_payment_method"": ""Debit Card""}, ""notifications"": {""email"": false, ""sms"": false, ""app_push"": false}}"
a18fbe48-7958-42d4-8c91-dd368f177af0,ef1f2d49-8f1e-4255-90c4-68844254ea0a,High,2023-12-05 01:20:16.965896,"{""discounts"": {""cashback_percentage"": 1, ""special_offers"": [""Free financial consultation"", ""Exclusive credit card benefits""]}, ""suggested_products"": [""Savings Account with high interest"", ""Credit Card with travel rewards""], ""preferences"": {""preferred_category"": ""Travel"", ""preferred_payment_method"": ""Debit Card""}, ""notifications"": {""email"": true, ""sms"": false, ""app_push"": true}}"
f7cba389-85b4-4516-a7f0-2246b848ba05,95b24969-b7b0-43e6-a74c-133b03de5eb0,High,2023-12-02 07:35:19.094408,"{""discounts"": {""cashback_percentage"": 5, ""special_offers"": [""Free financial consultation"", ""Exclusive credit card benefits""]}, ""suggested_products"": [""Savings Account with high interest"", ""Credit Card with travel rewards""], ""preferences"": {""preferred_category"": ""Travel"", ""preferred_payment_method"": ""Debit Card""}, ""notifications"": {""email"": true, ""sms"": true, ""app_push"": true}}"
91401007-dd06-4103-b551-267fdf7df0d1,3883f8e8-541c-4a4c-903a-8e4328d389fa,High,2023-12-05 22:08:52.391379,"{""discounts"": {""cashback_percentage"": 4, ""special_offers"": [""Free financial consultation"", ""Exclusive credit card benefits""]}, ""suggested_products"": [""Savings Account with high interest"", ""Credit Card with travel rewards""], ""preferences"": {""preferred_category"": ""Shopping"", ""preferred_payment_method"": ""Debit Card""}, ""notifications"": {""email"": false, ""sms"": false, ""app_push"": true}}"
32b2873f-ee67-4798-b91a-1a1f503b347a,7d71f347-0311-4c0d-8433-984f688198dd,High,2023-12-03 17:02:11.432023,"{""discounts"": {""cashback_percentage"": 3, ""special_offers"": [""Free financial consultation"", ""Exclusive credit card benefits""]}, ""suggested_products"": [""Savings Account with high interest"", ""Credit Card with travel rewards""], ""preferences"": {""preferred_category"": ""Shopping"", ""preferred_payment_method"": ""Debit Card""}, ""notifications"": {""email"": true, ""sms"": false, ""app_push"": true}}"
451f9098-2139-400c-b4c0-8d5bf85189b2,7e22ee53-54ff-48ec-8788-4bfe6346de2c,Low,2023-12-01 00:16:39.659996,"{""discounts"": {""cashback_percentage"": 1, ""special_offers"": [""Free financial consultation"", ""Exclusive credit card benefits""]}, ""suggested_products"": [""Savings Account with high interest"", ""Credit Card with travel rewards""], ""preferences"": {""preferred_category"": ""Shopping"", ""preferred_payment_method"": ""Debit Card""}, ""notifications"": {""email"": true, ""sms"": false, ""app_push"": true}}"
a2e65790-79f6-438e-a148-1fb3c236b41d,77bacb0a-68a9-4d0c-9fcd-24d15d3972d9,Low,2023-12-01 19:34:32.498527,"{""discounts"": {""cashback_percentage"": 2, ""special_offers"": [""Free financial consultation"", ""Exclusive credit card benefits""]}, ""suggested_products"": [""Savings Account with high interest"", ""Credit Card with travel rewards""], ""preferences"": {""preferred_category"": ""Dining"", ""preferred_payment_method"": ""Credit Card""}, ""notifications"": {""email"": true, ""sms"": false, ""app_push"": true}}"
047a414c-0f24-4370-b3b0-2fab28e926da,467603b2-cdf2-4ced-842e-d51c6f9369da,Medium,2023-12-01 02:27:19.017127,"{""discounts"": {""cashback_percentage"": 4, ""special_offers"": [""Free financial consultation"", ""Exclusive credit card benefits""]}, ""suggested_products"": [""Savings Account with high interest"", ""Credit Card with travel rewards""], ""preferences"": {""preferred_category"": ""Travel"", ""preferred_payment_method"": ""Debit Card""}, ""notifications"": {""email"": false, ""sms"": false, ""app_push"": true}}"
ffdac72a-d519-4130-8f1d-9ea719b1d958,c2be08ce-934c-426f-ae68-a93e9c519a06,Medium,2023-12-04 05:32:46.578472,"{""discounts"": {""cashback_percentage"": 3, ""special_offers"": [""Free financial consultation"", ""Exclusive credit card benefits""]}, ""suggested_products"": [""Savings Account with high interest"", ""Credit Card with travel rewards""], ""preferences"": {""preferred_category"": ""Travel"", ""preferred_payment_method"": ""Credit Card""}, ""notifications"": {""email"": true, ""sms"": true, ""app_push"": true}}"
a75b4e93-5ead-458d-97de-075a41ee9d07,41884bec-5a04-4abf-8a94-bbe8a644dd05,Medium,2023-12-01 09:40:32.156943,"{""discounts"": {""cashback_percentage"": 5, ""special_offers"": [""Free financial consultation"", ""Exclusive credit card benefits""]}, ""suggested_products"": [""Savings Account with high interest"", ""Credit Card with travel rewards""], ""preferences"": {""preferred_category"": ""Shopping"", ""preferred_payment_method"": ""Credit Card""}, ""notifications"": {""email"": true, ""sms"": false, ""app_push"": false}}"
28863e00-61a3-42ec-9391-dd2e5a2fae6d,f2af683a-1717-474f-ba5a-16f2c17b4eff,High,2023-12-05 07:01:56.647768,"{""discounts"": {""cashback_percentage"": 2, ""special_offers"": [""Free financial consultation"", ""Exclusive credit card benefits""]}, ""suggested_products"": [""Savings Account with high interest"", ""Credit Card with travel rewards""], ""preferences"": {""preferred_category"": ""Shopping"", ""preferred_payment_method"": ""Debit Card""}, ""notifications"": {""email"": false, ""sms"": true, ""app_push"": false}}"
017b208e-581a-4e9b-a99a-30d41af86ce5,447a3be3-d35e-41ff-9917-266cceaee5e7,Low,2023-12-05 10:37:16.286499,"{""discounts"": {""cashback_percentage"": 3, ""special_offers"": [""Free financial consultation"", ""Exclusive credit card benefits""]}, ""suggested_products"": [""Savings Account with high interest"", ""Credit Card with travel rewards""], ""preferences"": {""preferred_category"": ""Shopping"", ""preferred_payment_method"": ""Credit Card""}, ""notifications"": {""email"": true, ""sms"": true, ""app_push"": true}}"
2b43431e-b10f-42bb-b6d2-d78e231d3f18,7c1ac2e6-965f-4287-ab4b-ea675fbd499c,High,2023-12-01 02:19:44.959316,"{""discounts"": {""cashback_percentage"": 2, ""special_offers"": [""Free financial consultation"", ""Exclusive credit card benefits""]}, ""suggested_products"": [""Savings Account with high interest"", ""Credit Card with travel rewards""], ""preferences"": {""preferred_category"": ""Dining"", ""preferred_payment_method"": ""Debit Card""}, ""notifications"": {""email"": false, ""sms"": false, ""app_push"": false}}"
5ee6caa3-761a-46d0-bb27-d68232f5d8f4,e749180e-e4ab-484f-8a3a-2ae35ee75d69,Low,2023-12-03 19:40:08.321523,"{""discounts"": {""cashback_percentage"": 4, ""special_offers"": [""Free financial consultation"", ""Exclusive credit card benefits""]}, ""suggested_products"": [""Savings Account with high interest"", ""Credit Card with travel rewards""], ""preferences"": {""preferred_category"": ""Travel"", ""preferred_payment_method"": ""Credit Card""}, ""notifications"": {""email"": true, ""sms"": false, ""app_push"": true}}"
ec6c447a-0360-4816-b679-dbfae190127c,ed4c69e5-baef-4697-b7a7-29dedcddd90e,Medium,2023-12-03 16:36:06.040009,"{""discounts"": {""cashback_percentage"": 2, ""special_offers"": [""Free financial consultation"", ""Exclusive credit card benefits""]}, ""suggested_products"": [""Savings Account with high interest"", ""Credit Card with travel rewards""], ""preferences"": {""preferred_category"": ""Dining"", ""preferred_payment_method"": ""Credit Card""}, ""notifications"": {""email"": false, ""sms"": false, ""app_push"": true}}"
15f62956-61e1-4ccf-888d-c97ff0d22543,7c0fa371-33ae-4008-b8b8-858823ca97b1,High,2023-12-05 00:14:28.698052,"{""discounts"": {""cashback_percentage"": 4, ""special_offers"": [""Free financial consultation"", ""Exclusive credit card benefits""]}, ""suggested_products"": [""Savings Account with high interest"", ""Credit Card with travel rewards""], ""preferences"": {""preferred_category"": ""Shopping"", ""preferred_payment_method"": ""Debit Card""}, ""notifications"": {""email"": true, ""sms"": false, ""app_push"": true}}"
8076d40f-43ab-4189-b8ae-435c035c4a36,6e953d49-02b3-4eab-9d0a-74879336efd4,High,2023-12-04 02:14:27.234540,"{""discounts"": {""cashback_percentage"": 4, ""special_offers"": [""Free financial consultation"", ""Exclusive credit card benefits""]}, ""suggested_products"": [""Savings Account with high interest"", ""Credit Card with travel rewards""], ""preferences"": {""preferred_category"": ""Shopping"", ""preferred_payment_method"": ""Credit Card""}, ""notifications"": {""email"": false, ""sms"": false, ""app_push"": false}}"
cc829095-40fb-43a6-8d9c-019e5f872b97,ebeb1249-97d2-4af0-9593-499f2e1e8053,Low,2023-12-02 14:50:39.739721,"{""discounts"": {""cashback_percentage"": 2, ""special_offers"": [""Free financial consultation"", ""Exclusive credit card benefits""]}, ""suggested_products"": [""Savings Account with high interest"", ""Credit Card with travel rewards""], ""preferences"": {""preferred_category"": ""Shopping"", ""preferred_payment_method"": ""Credit Card""}, ""notifications"": {""email"": false, ""sms"": true, ""app_push"": true}}"
729da5b4-14c6-41ed-960d-c6cda7891825,4e95fcb9-07a9-4b9c-a999-325811ee81dd,Medium,2023-12-05 10:30:12.965948,"{""discounts"": {""cashback_percentage"": 1, ""special_offers"": [""Free financial consultation"", ""Exclusive credit card benefits""]}, ""suggested_products"": [""Savings Account with high interest"", ""Credit Card with travel rewards""], ""preferences"": {""preferred_category"": ""Shopping"", ""preferred_payment_method"": ""Debit Card""}, ""notifications"": {""email"": false, ""sms"": true, ""app_push"": true}}"
898a72f0-7876-428b-88b7-f537076aff8c,181cf071-9363-4ecd-b839-3f41330207f4,Medium,2023-12-01 01:55:22.166502,"{""discounts"": {""cashback_percentage"": 4, ""special_offers"": [""Free financial consultation"", ""Exclusive credit card benefits""]}, ""suggested_products"": [""Savings Account with high interest"", ""Credit Card with travel rewards""], ""preferences"": {""preferred_category"": ""Shopping"", ""preferred_payment_method"": ""Credit Card""}, ""notifications"": {""email"": false, ""sms"": true, ""app_push"": false}}"
3955d7ed-f91d-45a6-ba03-00a4bf00b65b,44d21eff-1fea-4fd4-9a0e-928b84650996,Low,2023-12-02 02:44:06.170827,"{""discounts"": {""cashback_percentage"": 3, ""special_offers"": [""Free financial consultation"", ""Exclusive credit card benefits""]}, ""suggested_products"": [""Savings Account with high interest"", ""Credit Card with travel rewards""], ""preferences"": {""preferred_category"": ""Shopping"", ""preferred_payment_method"": ""Debit Card""}, ""notifications"": {""email"": true, ""sms"": true, ""app_push"": true}}"
dc46ba2a-1d2e-4645-bef4-57dae6d235d6,bdd7ef64-198d-4413-81c4-73d73d35f957,Medium,2023-12-01 05:48:21.545371,"{""discounts"": {""cashback_percentage"": 4, ""special_offers"": [""Free financial consultation"", ""Exclusive credit card benefits""]}, ""suggested_products"": [""Savings Account with high interest"", ""Credit Card with travel rewards""], ""preferences"": {""preferred_category"": ""Shopping"", ""preferred_payment_method"": ""Debit Card""}, ""notifications"": {""email"": true, ""sms"": true, ""app_push"": false}}"
646f3f0d-7ba2-47df-b205-00b2b96e0426,fa34248a-c1bd-4f59-9eb4-bd47a7899304,Medium,2023-12-02 03:44:20.367262,"{""discounts"": {""cashback_percentage"": 5, ""special_offers"": [""Free financial consultation"", ""Exclusive credit card benefits""]}, ""suggested_products"": [""Savings Account with high interest"", ""Credit Card with travel rewards""], ""preferences"": {""preferred_category"": ""Dining"", ""preferred_payment_method"": ""Debit Card""}, ""notifications"": {""email"": false, ""sms"": false, ""app_push"": true}}"
111de85e-9c2f-4509-887d-2afd3e9524aa,35a88704-496a-4803-924a-a0036c08ff99,Low,2023-12-04 09:23:07.181252,"{""discounts"": {""cashback_percentage"": 2, ""special_offers"": [""Free financial consultation"", ""Exclusive credit card benefits""]}, ""suggested_products"": [""Savings Account with high interest"", ""Credit Card with travel rewards""], ""preferences"": {""preferred_category"": ""Dining"", ""preferred_payment_method"": ""Debit Card""}, ""notifications"": {""email"": true, ""sms"": true, ""app_push"": false}}"
810a08aa-5257-4028-88b9-769f533b8564,7677d339-45b6-405c-83eb-4c311c79f1a9,Low,2023-12-05 21:57:47.020725,"{""discounts"": {""cashback_percentage"": 1, ""special_offers"": [""Free financial consultation"", ""Exclusive credit card benefits""]}, ""suggested_products"": [""Savings Account with high interest"", ""Credit Card with travel rewards""], ""preferences"": {""preferred_category"": ""Shopping"", ""preferred_payment_method"": ""Credit Card""}, ""notifications"": {""email"": false, ""sms"": false, ""app_push"": false}}"
5b561c9b-38b2-4b5c-8b3b-71c445b54c10,57a47316-0c64-4d68-837a-66bc14b64073,Medium,2023-12-02 01:36:45.112484,"{""discounts"": {""cashback_percentage"": 1, ""special_offers"": [""Free financial consultation"", ""Exclusive credit card benefits""]}, ""suggested_products"": [""Savings Account with high interest"", ""Credit Card with travel rewards""], ""preferences"": {""preferred_category"": ""Travel"", ""preferred_payment_method"": ""Credit Card""}, ""notifications"": {""email"": false, ""sms"": true, ""app_push"": true}}"
41ac56b3-b8b1-4ee3-990e-9190a2f12f37,b86d8fae-06d3-4a4b-a4a4-155eb25276d8,Low,2023-12-03 03:51:01.031161,"{""discounts"": {""cashback_percentage"": 1, ""special_offers"": [""Free financial consultation"", ""Exclusive credit card benefits""]}, ""suggested_products"": [""Savings Account with high interest"", ""Credit Card with travel rewards""], ""preferences"": {""preferred_category"": ""Travel"", ""preferred_payment_method"": ""Credit Card""}, ""notifications"": {""email"": false, ""sms"": true, ""app_push"": true}}"
5136c95e-24ea-40fd-8d05-79b1d8c3099f,34a88f26-e63c-4422-9c09-752c871f75db,Low,2023-12-03 15:04:41.723865,"{""discounts"": {""cashback_percentage"": 5, ""special_offers"": [""Free financial consultation"", ""Exclusive credit card benefits""]}, ""suggested_products"": [""Savings Account with high interest"", ""Credit Card with travel rewards""], ""preferences"": {""preferred_category"": ""Dining"", ""preferred_payment_method"": ""Debit Card""}, ""notifications"": {""email"": true, ""sms"": true, ""app_push"": true}}"
1694dbfa-e256-4f30-81c7-0833342cdbeb,01a4fa6e-8393-4828-8bee-d671f971cbc6,Medium,2023-12-01 05:30:56.499665,"{""discounts"": {""cashback_percentage"": 3, ""special_offers"": [""Free financial consultation"", ""Exclusive credit card benefits""]}, ""suggested_products"": [""Savings Account with high interest"", ""Credit Card with travel rewards""], ""preferences"": {""preferred_category"": ""Dining"", ""preferred_payment_method"": ""Debit Card""}, ""notifications"": {""email"": false, ""sms"": false, ""app_push"": true}}"
57e61c60-342c-443b-a950-f6e976defd8c,d0f14461-a413-4807-9908-e49ef02cf697,Medium,2023-12-03 14:52:39.218095,"{""discounts"": {""cashback_percentage"": 5, ""special_offers"": [""Free financial consultation"", ""Exclusive credit card benefits""]}, ""suggested_products"": [""Savings Account with high interest"", ""Credit Card with travel rewards""], ""preferences"": {""preferred_category"": ""Dining"", ""preferred_payment_method"": ""Debit Card""}, ""notifications"": {""email"": true, ""sms"": false, ""app_push"": true}}"
6ccfb14d-e733-405f-898f-6fb3326fce61,a4b9bb0a-dfc1-4eb5-9a0d-6643053a3c56,Low,2023-12-03 21:05:55.842820,"{""discounts"": {""cashback_percentage"": 5, ""special_offers"": [""Free financial consultation"", ""Exclusive credit card benefits""]}, ""suggested_products"": [""Savings Account with high interest"", ""Credit Card with travel rewards""], ""preferences"": {""preferred_category"": ""Travel"", ""preferred_payment_method"": ""Credit Card""}, ""notifications"": {""email"": true, ""sms"": false, ""app_push"": true}}"
8fb1de5b-12e6-4438-af52-fab8f8ddd973,73978555-3afe-40ea-afaf-e0d97e43484e,High,2023-12-01 22:09:29.903027,"{""discounts"": {""cashback_percentage"": 1, ""special_offers"": [""Free financial consultation"", ""Exclusive credit card benefits""]}, ""suggested_products"": [""Savings Account with high interest"", ""Credit Card with travel rewards""], ""preferences"": {""preferred_category"": ""Dining"", ""preferred_payment_method"": ""Debit Card""}, ""notifications"": {""email"": false, ""sms"": true, ""app_push"": false}}"
0b2a2270-9332-4bb3-a72f-08a8f15775fb,6fdaba70-477f-4b01-851d-bbbc8f1ddae4,Medium,2023-12-01 16:55:09.175752,"{""discounts"": {""cashback_percentage"": 3, ""special_offers"": [""Free financial consultation"", ""Exclusive credit card benefits""]}, ""suggested_products"": [""Savings Account with high interest"", ""Credit Card with travel rewards""], ""preferences"": {""preferred_category"": ""Shopping"", ""preferred_payment_method"": ""Credit Card""}, ""notifications"": {""email"": true, ""sms"": false, ""app_push"": true}}"
8d47d853-b9d6-4c72-af24-7846652de6bb,969b24ef-051a-4f98-acc6-bbe0b774b6cf,High,2023-12-05 21:53:44.428904,"{""discounts"": {""cashback_percentage"": 1, ""special_offers"": [""Free financial consultation"", ""Exclusive credit card benefits""]}, ""suggested_products"": [""Savings Account with high interest"", ""Credit Card with travel rewards""], ""preferences"": {""preferred_category"": ""Shopping"", ""preferred_payment_method"": ""Credit Card""}, ""notifications"": {""email"": true, ""sms"": true, ""app_push"": true}}"
d3645dcb-bdf0-4123-9e6e-8d20df9d0f7e,06d976e7-97de-465c-9eb8-ffacf6835a44,Low,2023-12-03 08:17:00.532352,"{""discounts"": {""cashback_percentage"": 3, ""special_offers"": [""Free financial consultation"", ""Exclusive credit card benefits""]}, ""suggested_products"": [""Savings Account with high interest"", ""Credit Card with travel rewards""], ""preferences"": {""preferred_category"": ""Shopping"", ""preferred_payment_method"": ""Credit Card""}, ""notifications"": {""email"": true, ""sms"": false, ""app_push"": true}}"
f95b119c-efc2-4979-bd93-da602e239e8f,f1520ee5-060d-4dd0-ae7d-b89bb3604da1,High,2023-12-04 04:49:10.055904,"{""discounts"": {""cashback_percentage"": 5, ""special_offers"": [""Free financial consultation"", ""Exclusive credit card benefits""]}, ""suggested_products"": [""Savings Account with high interest"", ""Credit Card with travel rewards""], ""preferences"": {""preferred_category"": ""Travel"", ""preferred_payment_method"": ""Debit Card""}, ""notifications"": {""email"": true, ""sms"": true, ""app_push"": false}}"
ba161c7f-1a2c-4f9b-aabc-5db72c40b02e,2017a3b1-ace6-4986-91d2-5d360e99b9a3,Low,2023-12-05 22:36:10.091723,"{""discounts"": {""cashback_percentage"": 1, ""special_offers"": [""Free financial consultation"", ""Exclusive credit card benefits""]}, ""suggested_products"": [""Savings Account with high interest"", ""Credit Card with travel rewards""], ""preferences"": {""preferred_category"": ""Dining"", ""preferred_payment_method"": ""Debit Card""}, ""notifications"": {""email"": true, ""sms"": false, ""app_push"": false}}"
756f8236-6cb6-4780-8792-2cf232a06b2d,8c1156d3-028a-47a9-84d2-ca0b95b858e3,High,2023-12-01 09:06:13.104400,"{""discounts"": {""cashback_percentage"": 4, ""special_offers"": [""Free financial consultation"", ""Exclusive credit card benefits""]}, ""suggested_products"": [""Savings Account with high interest"", ""Credit Card with travel rewards""], ""preferences"": {""preferred_category"": ""Shopping"", ""preferred_payment_method"": ""Credit Card""}, ""notifications"": {""email"": true, ""sms"": true, ""app_push"": false}}"
4ef935a0-2662-4bef-b3bf-459f35e72794,231a20e6-9043-4c7b-b29b-320dc2dbaa19,Low,2023-12-01 07:21:59.694947,"{""discounts"": {""cashback_percentage"": 1, ""special_offers"": [""Free financial consultation"", ""Exclusive credit card benefits""]}, ""suggested_products"": [""Savings Account with high interest"", ""Credit Card with travel rewards""], ""preferences"": {""preferred_category"": ""Dining"", ""preferred_payment_method"": ""Debit Card""}, ""notifications"": {""email"": true, ""sms"": false, ""app_push"": true}}"
2f1fe6c4-7628-4af3-b4ac-0f8d4b4aba11,b0e66ef3-4569-41df-a0e9-79938e7ac28c,Medium,2023-12-02 10:08:10.684825,"{""discounts"": {""cashback_percentage"": 4, ""special_offers"": [""Free financial consultation"", ""Exclusive credit card benefits""]}, ""suggested_products"": [""Savings Account with high interest"", ""Credit Card with travel rewards""], ""preferences"": {""preferred_category"": ""Travel"", ""preferred_payment_method"": ""Debit Card""}, ""notifications"": {""email"": false, ""sms"": false, ""app_push"": false}}"
3dbff633-dc64-4fef-9d7b-d1af0a23cefd,96e6b310-1c4a-4271-8e42-81c9ec95b733,Low,2023-12-02 07:37:22.102321,"{""discounts"": {""cashback_percentage"": 1, ""special_offers"": [""Free financial consultation"", ""Exclusive credit card benefits""]}, ""suggested_products"": [""Savings Account with high interest"", ""Credit Card with travel rewards""], ""preferences"": {""preferred_category"": ""Dining"", ""preferred_payment_method"": ""Credit Card""}, ""notifications"": {""email"": false, ""sms"": true, ""app_push"": false}}"
6a29703f-5487-4220-8d56-162a1bc76786,f08f1f01-f92c-4718-92ab-4161c22eb0ad,Medium,2023-12-01 04:51:27.118350,"{""discounts"": {""cashback_percentage"": 4, ""special_offers"": [""Free financial consultation"", ""Exclusive credit card benefits""]}, ""suggested_products"": [""Savings Account with high interest"", ""Credit Card with travel rewards""], ""preferences"": {""preferred_category"": ""Shopping"", ""preferred_payment_method"": ""Credit Card""}, ""notifications"": {""email"": false, ""sms"": true, ""app_push"": true}}"
fe9b3e8e-8d40-4062-aff3-6a36e42502db,7bc637fd-ecdc-4c87-ac1f-0abfc963918c,Low,2023-12-01 13:51:17.973291,"{""discounts"": {""cashback_percentage"": 5, ""special_offers"": [""Free financial consultation"", ""Exclusive credit card benefits""]}, ""suggested_products"": [""Savings Account with high interest"", ""Credit Card with travel rewards""], ""preferences"": {""preferred_category"": ""Dining"", ""preferred_payment_method"": ""Debit Card""}, ""notifications"": {""email"": true, ""sms"": false, ""app_push"": true}}"
1f071cbf-1958-428a-b323-2ad77b71ba39,fc6c060b-2b4b-4b36-8a60-1b2993d532e1,Medium,2023-12-05 03:58:39.218958,"{""discounts"": {""cashback_percentage"": 3, ""special_offers"": [""Free financial consultation"", ""Exclusive credit card benefits""]}, ""suggested_products"": [""Savings Account with high interest"", ""Credit Card with travel rewards""], ""preferences"": {""preferred_category"": ""Shopping"", ""preferred_payment_method"": ""Debit Card""}, ""notifications"": {""email"": false, ""sms"": true, ""app_push"": false}}"
bedf6aec-e2e9-4ef3-8686-1fe2fa3cb7e2,400fa275-9722-4ae9-b583-bcf90a094dbd,Medium,2023-12-05 04:03:06.075371,"{""discounts"": {""cashback_percentage"": 5, ""special_offers"": [""Free financial consultation"", ""Exclusive credit card benefits""]}, ""suggested_products"": [""Savings Account with high interest"", ""Credit Card with travel rewards""], ""preferences"": {""preferred_category"": ""Travel"", ""preferred_payment_method"": ""Credit Card""}, ""notifications"": {""email"": true, ""sms"": true, ""app_push"": false}}"
a5d538c3-74f7-42f2-9663-c856e3ad3fb8,2e8f296e-27d9-42ae-b357-453251a1db14,High,2023-12-03 09:44:44.375836,"{""discounts"": {""cashback_percentage"": 5, ""special_offers"": [""Free financial consultation"", ""Exclusive credit card benefits""]}, ""suggested_products"": [""Savings Account with high interest"", ""Credit Card with travel rewards""], ""preferences"": {""preferred_category"": ""Travel"", ""preferred_payment_method"": ""Debit Card""}, ""notifications"": {""email"": true, ""sms"": false, ""app_push"": true}}"
9b5a06c7-123a-4f88-94cf-c7d0aa6265a0,119bf8a2-96ee-46df-b10b-90289ee6c48c,Medium,2023-12-04 17:58:53.501673,"{""discounts"": {""cashback_percentage"": 5, ""special_offers"": [""Free financial consultation"", ""Exclusive credit card benefits""]}, ""suggested_products"": [""Savings Account with high interest"", ""Credit Card with travel rewards""], ""preferences"": {""preferred_category"": ""Dining"", ""preferred_payment_method"": ""Credit Card""}, ""notifications"": {""email"": true, ""sms"": false, ""app_push"": false}}"
11d5a379-4fc8-4571-b542-6002e42ee537,3443379a-c430-4338-9269-c209ed8e9184,High,2023-12-02 01:38:47.613269,"{""discounts"": {""cashback_percentage"": 1, ""special_offers"": [""Free financial consultation"", ""Exclusive credit card benefits""]}, ""suggested_products"": [""Savings Account with high interest"", ""Credit Card with travel rewards""], ""preferences"": {""preferred_category"": ""Shopping"", ""preferred_payment_method"": ""Debit Card""}, ""notifications"": {""email"": true, ""sms"": false, ""app_push"": false}}"
3a520606-e8ed-4039-aae7-b47300eb10fd,cdaa504f-883e-4406-bf04-106e3acc22ca,Medium,2023-12-03 14:08:06.660877,"{""discounts"": {""cashback_percentage"": 4, ""special_offers"": [""Free financial consultation"", ""Exclusive credit card benefits""]}, ""suggested_products"": [""Savings Account with high interest"", ""Credit Card with travel rewards""], ""preferences"": {""preferred_category"": ""Shopping"", ""preferred_payment_method"": ""Credit Card""}, ""notifications"": {""email"": true, ""sms"": false, ""app_push"": true}}"
c8278570-62f0-4450-9bb2-153fc5b67499,a03e6a66-cada-4d55-9a81-07868e6920ed,Low,2023-12-03 18:52:47.036479,"{""discounts"": {""cashback_percentage"": 3, ""special_offers"": [""Free financial consultation"", ""Exclusive credit card benefits""]}, ""suggested_products"": [""Savings Account with high interest"", ""Credit Card with travel rewards""], ""preferences"": {""preferred_category"": ""Dining"", ""preferred_payment_method"": ""Credit Card""}, ""notifications"": {""email"": false, ""sms"": true, ""app_push"": true}}"
e870c449-16dc-4de9-8489-059de3c7e26c,bc712c44-1dc8-4ef3-959b-4035d31ecb30,Medium,2023-12-04 10:50:28.352273,"{""discounts"": {""cashback_percentage"": 2, ""special_offers"": [""Free financial consultation"", ""Exclusive credit card benefits""]}, ""suggested_products"": [""Savings Account with high interest"", ""Credit Card with travel rewards""], ""preferences"": {""preferred_category"": ""Shopping"", ""preferred_payment_method"": ""Debit Card""}, ""notifications"": {""email"": true, ""sms"": false, ""app_push"": true}}"
b8472330-a327-46fb-9174-f1e2981616a4,9f918def-e413-476d-89d3-bde905fc6d84,Low,2023-12-02 09:24:41.468035,"{""discounts"": {""cashback_percentage"": 3, ""special_offers"": [""Free financial consultation"", ""Exclusive credit card benefits""]}, ""suggested_products"": [""Savings Account with high interest"", ""Credit Card with travel rewards""], ""preferences"": {""preferred_category"": ""Travel"", ""preferred_payment_method"": ""Debit Card""}, ""notifications"": {""email"": true, ""sms"": false, ""app_push"": true}}"
6121c123-92cf-4c5a-afa4-70485fe53fcd,8399be0d-6e19-401b-98de-4954ccdd952f,Low,2023-12-04 09:35:20.474320,"{""discounts"": {""cashback_percentage"": 1, ""special_offers"": [""Free financial consultation"", ""Exclusive credit card benefits""]}, ""suggested_products"": [""Savings Account with high interest"", ""Credit Card with travel rewards""], ""preferences"": {""preferred_category"": ""Travel"", ""preferred_payment_method"": ""Debit Card""}, ""notifications"": {""email"": false, ""sms"": true, ""app_push"": true}}"
02bea19e-09e7-436f-a343-dec36761f67a,5b8d70a8-55bf-4f1e-896f-1425754accb1,High,2023-12-02 22:23:22.998955,"{""discounts"": {""cashback_percentage"": 1, ""special_offers"": [""Free financial consultation"", ""Exclusive credit card benefits""]}, ""suggested_products"": [""Savings Account with high interest"", ""Credit Card with travel rewards""], ""preferences"": {""preferred_category"": ""Shopping"", ""preferred_payment_method"": ""Debit Card""}, ""notifications"": {""email"": true, ""sms"": false, ""app_push"": true}}"
2f4512b1-9e0d-4987-8575-35bd87068233,2afc775d-6b60-4664-8b27-6d5a86db89b3,Medium,2023-12-02 12:16:19.498459,"{""discounts"": {""cashback_percentage"": 1, ""special_offers"": [""Free financial consultation"", ""Exclusive credit card benefits""]}, ""suggested_products"": [""Savings Account with high interest"", ""Credit Card with travel rewards""], ""preferences"": {""preferred_category"": ""Travel"", ""preferred_payment_method"": ""Credit Card""}, ""notifications"": {""email"": false, ""sms"": true, ""app_push"": true}}"
18cb7979-41a6-4b88-aeaa-b5345ca947b9,a8560a84-7af0-40ab-9da9-3cf02734a648,Low,2023-12-04 18:35:43.510996,"{""discounts"": {""cashback_percentage"": 3, ""special_offers"": [""Free financial consultation"", ""Exclusive credit card benefits""]}, ""suggested_products"": [""Savings Account with high interest"", ""Credit Card with travel rewards""], ""preferences"": {""preferred_category"": ""Dining"", ""preferred_payment_method"": ""Debit Card""}, ""notifications"": {""email"": false, ""sms"": false, ""app_push"": false}}"
82d7426a-9268-4a4c-82fb-453483b43088,06f6b3f6-1eb0-430e-a466-a5eaff111477,High,2023-12-05 06:11:08.528976,"{""discounts"": {""cashback_percentage"": 3, ""special_offers"": [""Free financial consultation"", ""Exclusive credit card benefits""]}, ""suggested_products"": [""Savings Account with high interest"", ""Credit Card with travel rewards""], ""preferences"": {""preferred_category"": ""Dining"", ""preferred_payment_method"": ""Credit Card""}, ""notifications"": {""email"": false, ""sms"": false, ""app_push"": false}}"
4a308a61-adbd-49fb-a7a6-837c72101ebf,9f630575-ca7e-44bb-b138-81afe71eb921,High,2023-12-05 00:00:26.417115,"{""discounts"": {""cashback_percentage"": 3, ""special_offers"": [""Free financial consultation"", ""Exclusive credit card benefits""]}, ""suggested_products"": [""Savings Account with high interest"", ""Credit Card with travel rewards""], ""preferences"": {""preferred_category"": ""Dining"", ""preferred_payment_method"": ""Credit Card""}, ""notifications"": {""email"": false, ""sms"": true, ""app_push"": false}}"
06a83f99-34f0-4a7b-9529-dd5e4d321847,833b9924-4414-4c53-95d0-ad655718f1a0,Low,2023-12-02 18:30:56.528125,"{""discounts"": {""cashback_percentage"": 2, ""special_offers"": [""Free financial consultation"", ""Exclusive credit card benefits""]}, ""suggested_products"": [""Savings Account with high interest"", ""Credit Card with travel rewards""], ""preferences"": {""preferred_category"": ""Dining"", ""preferred_payment_method"": ""Credit Card""}, ""notifications"": {""email"": true, ""sms"": false, ""app_push"": true}}"
6d980cc7-a85f-474c-98d4-9b5b3e5b579e,5e12569a-ce8b-462b-9a4d-d8446989c4c8,High,2023-12-04 19:02:46.144499,"{""discounts"": {""cashback_percentage"": 4, ""special_offers"": [""Free financial consultation"", ""Exclusive credit card benefits""]}, ""suggested_products"": [""Savings Account with high interest"", ""Credit Card with travel rewards""], ""preferences"": {""preferred_category"": ""Shopping"", ""preferred_payment_method"": ""Credit Card""}, ""notifications"": {""email"": false, ""sms"": false, ""app_push"": false}}"
1db00d5c-3e85-4429-bdd4-22fa8872592f,d34ff449-6948-4d8e-8f06-c92b534f74ca,Medium,2023-12-03 18:58:44.169743,"{""discounts"": {""cashback_percentage"": 3, ""special_offers"": [""Free financial consultation"", ""Exclusive credit card benefits""]}, ""suggested_products"": [""Savings Account with high interest"", ""Credit Card with travel rewards""], ""preferences"": {""preferred_category"": ""Travel"", ""preferred_payment_method"": ""Debit Card""}, ""notifications"": {""email"": true, ""sms"": false, ""app_push"": true}}"
5a1208b8-6f46-46fd-afdb-12e1c5264dc9,5b9434d8-b367-4443-8fff-cc8cf2cf761f,Medium,2023-12-03 02:48:00.588403,"{""discounts"": {""cashback_percentage"": 4, ""special_offers"": [""Free financial consultation"", ""Exclusive credit card benefits""]}, ""suggested_products"": [""Savings Account with high interest"", ""Credit Card with travel rewards""], ""preferences"": {""preferred_category"": ""Dining"", ""preferred_payment_method"": ""Credit Card""}, ""notifications"": {""email"": false, ""sms"": false, ""app_push"": false}}"
1b5951e0-ce47-4462-a381-224cc4db25c8,61e9819f-2b5b-4e38-a374-db84cad0a8a6,Low,2023-12-03 19:11:50.501109,"{""discounts"": {""cashback_percentage"": 4, ""special_offers"": [""Free financial consultation"", ""Exclusive credit card benefits""]}, ""suggested_products"": [""Savings Account with high interest"", ""Credit Card with travel rewards""], ""preferences"": {""preferred_category"": ""Shopping"", ""preferred_payment_method"": ""Debit Card""}, ""notifications"": {""email"": false, ""sms"": true, ""app_push"": true}}"
decd2334-cdbc-4a21-b018-80190577965e,b00c4a79-87bf-43a1-8d05-8b29dec69630,High,2023-12-02 12:17:33.656423,"{""discounts"": {""cashback_percentage"": 4, ""special_offers"": [""Free financial consultation"", ""Exclusive credit card benefits""]}, ""suggested_products"": [""Savings Account with high interest"", ""Credit Card with travel rewards""], ""preferences"": {""preferred_category"": ""Travel"", ""preferred_payment_method"": ""Credit Card""}, ""notifications"": {""email"": true, ""sms"": false, ""app_push"": false}}"
ca38fca4-e578-481f-8387-1083d2062bce,5e596ef5-2ea3-4f01-a019-d1061edf6f3f,High,2023-12-03 07:57:53.525483,"{""discounts"": {""cashback_percentage"": 2, ""special_offers"": [""Free financial consultation"", ""Exclusive credit card benefits""]}, ""suggested_products"": [""Savings Account with high interest"", ""Credit Card with travel rewards""], ""preferences"": {""preferred_category"": ""Dining"", ""preferred_payment_method"": ""Debit Card""}, ""notifications"": {""email"": false, ""sms"": false, ""app_push"": true}}"
cdabaebb-379e-4b6b-b151-a8188bbd08f2,2302c3f5-399c-4082-8396-6d05e0ce1ebc,High,2023-12-03 12:01:52.242960,"{""discounts"": {""cashback_percentage"": 1, ""special_offers"": [""Free financial consultation"", ""Exclusive credit card benefits""]}, ""suggested_products"": [""Savings Account with high interest"", ""Credit Card with travel rewards""], ""preferences"": {""preferred_category"": ""Travel"", ""preferred_payment_method"": ""Debit Card""}, ""notifications"": {""email"": false, ""sms"": false, ""app_push"": true}}"
5e93c0f2-ae77-4f57-9b75-8e0d5c66f2a4,ad152f54-4d2d-40d1-8dc5-33c4aa8bdccf,Low,2023-12-02 16:32:27.454323,"{""discounts"": {""cashback_percentage"": 3, ""special_offers"": [""Free financial consultation"", ""Exclusive credit card benefits""]}, ""suggested_products"": [""Savings Account with high interest"", ""Credit Card with travel rewards""], ""preferences"": {""preferred_category"": ""Travel"", ""preferred_payment_method"": ""Debit Card""}, ""notifications"": {""email"": true, ""sms"": true, ""app_push"": false}}"
289ec831-7045-45fa-98d5-8dec94238316,97d24c08-e4ae-4727-bf9a-272086344d9a,High,2023-12-02 20:18:50.717875,"{""discounts"": {""cashback_percentage"": 1, ""special_offers"": [""Free financial consultation"", ""Exclusive credit card benefits""]}, ""suggested_products"": [""Savings Account with high interest"", ""Credit Card with travel rewards""], ""preferences"": {""preferred_category"": ""Shopping"", ""preferred_payment_method"": ""Credit Card""}, ""notifications"": {""email"": false, ""sms"": true, ""app_push"": false}}"
