user_id,first_name,last_name,email,phone_number,street,postcode,town,county,country,user_iban,user_agent_bic
60443e6d-c02c-4d95-b812-a7f6f1b32f17,Charlene,McDonald,june34@example.net,01154960960,"Flat 9
Smith rue",WV06 9LA,North Rachelstad,Cornwall,GB,GB78PWER13520705161484,IWFEGBREOVQ
3be52b8e-ab08-4c0d-9e41-c576259e3aa2,Billy,Holmes,hjones@example.org,(0121)4960394,"Studio 4
Smith stream",L6D 7HQ,Morrisshire,West Berkshire,GB,GB82AKWF15073273767977,RTKSGBBTDQ3
24bb3731-8391-45d5-8c9b-907484adf86e,Thomas,Fraser,smithharry@example.org,0131 4960641,927 Deborah drives,W74 3JW,Ahmedchester,Cheshire,GB,GB08QUVG68698617540751,OHCVGB1HVSN
81fce461-4452-4e06-8f6a-c576af8ec8d1,Teresa,Davis,dale28@example.com,+44(0)191 4960237,"Studio 95z
Patrick plaza",BA9 5LF,East Paul,Suffolk,GB,GB47ZACM64842008986302,YLCVGBZK
21c84102-cb6c-4504-afda-7c813d8e1104,Amelia,Jones,yroberts@example.org,(0121) 496 0719,"Flat 57
Gail light",BN7Y 4WH,West Bernardchester,Caernarvonshire,GB,GB31NJLV16836313475017,SPQWGBTT
8a57e4e6-06ce-4503-af52-a64be5f7babd,Sheila,Davies,jacksonallan@example.net,+441632960881,633 Price island,L4 0AU,West Bruceland,Kent,GB,GB23JAXP28327020476098,MPLXGBFVQLC
26c0a551-e3f4-4d84-b2ef-da75162d0d82,Ann,Rees,cookdanielle@example.com,+44(0)121 4960283,03 Warren wells,G6 0FA,Barkerland,City of Edinburgh,GB,GB72PMIM59062844112751,JKPEGB7L
c29bcb0f-531a-4a06-9779-b5f800877f2e,Duncan,Hughes,rita14@example.net,+44(0)1184960243,22 Mathew views,M80 0PR,Port Janiceville,Falkirk,GB,GB55HMPP06226952331761,DEWDGB6I
77ab7ae9-a765-4b6a-a9be-362eb5246cd4,Keith,Clements,brian57@example.net,+44289018479,030 Katie mountains,CB54 4BN,Doddfort,Stirling,GB,GB19EKHH82546800514919,OYHDGB6VU6H
1dc2d67b-f062-44c0-8999-101117b623ee,Danielle,Hill,leachreece@example.org,+44131 496 0423,87 Hunt trail,HP3N 7FG,Port Katherinetown,East Ayrshire,GB,GB85OQQT91668737197103,KAOLGB4587H
5b669c45-295c-44fd-b348-9e5da77b20a4,Suzanne,Brooks,grantrosemary@example.net,(01632) 960 066,"Flat 9
Whitehouse fork",E5 8SY,Smithberg,West Sussex,GB,GB29NEYI31211105645736,RJSMGBCS
577b0222-aaf2-4a3d-888b-1d12d2c0e839,Laura,Holden,xjones@example.org,(0121)4960026,8 Daly coves,MK8 7ZX,East Cliffordville,North Lanarkshire,GB,GB06IOTH76049792956520,KNIYGBVMCCI
8be3a010-5068-424d-9dbc-8bc242c85aa8,Antony,Jenkins,epritchard@example.org,+44(0)115 4960058,9 Clark stream,TN34 1TJ,Kaurview,Bedfordshire,GB,GB50LXLS80393061058034,MSVDGBCY
298e5065-0d7f-4c4f-98a3-3d1c9737583d,Jayne,Morgan,linda29@example.com,(0909)8790330,"Flat 04
Smith stream",B5 4YJ,Georgehaven,Glasgow City,GB,GB39GUYF41515140990563,JNGBGB08
5068447d-284c-4340-9c7b-c8be211714f0,Jean,Lewis,lyndabarnes@example.org,01164960690,"Studio 4
Amber centers",N3H 5YX,Williamsfurt,Shropshire,GB,GB76BXAN27921014213214,TKSGGB3E
38a69861-d24c-48d4-a1b9-a804d36b5fb3,Ann,Evans,brenda60@example.com,(0118) 496 0819,"Studio 8
Pratt harbors",AL5H 1UF,Butchershire,Glasgow City,GB,GB45IKII97031624156480,EAVQGB3D
56918cee-8fb9-44ff-971d-55a05709c2f6,Declan,Scott,cameronjones@example.org,0131 4960308,"Studio 20
Webb estates",B7E 7EU,Marymouth,Breconshire,GB,GB08PXSP04301686448692,VAMJGBHVL5N
1dc7c364-27dd-4470-ae9a-9d25a1249119,Maria,Nicholson,norman41@example.net,+44115 4960046,479 Dean circles,GY54 1ZT,Port Laura,East Renfrewshire,GB,GB78ZZWG00153399851905,MCGYGBU1WEW
9343cdd2-d232-458e-b254-e523ed38bc8a,Lorraine,Watkins,hardingamanda@example.net,0161 496 0928,"Studio 76I
Evans river",CR3Y 1XJ,South Judithland,Monmouthshire,GB,GB54RXWP66395221832223,ELPBGB6U
26933b03-f441-4758-a3fa-cebf68b4ebc3,Joe,Johnston,debra82@example.net,+44(0)1184960590,772 James gateway,B85 6PN,Frederickhaven,Caernarvonshire,GB,GB83VYBU66368227970659,YSHCGBT2OPY
f53382e8-86db-47a1-ad8c-f31882cc5e52,Dale,Pickering,leecharlie@example.net,01414960793,"Flat 13
Paul locks",CM5 8GH,Paynefurt,Suffolk,GB,GB24HZEV30559414244290,BRYNGBXYVNT
4578ac86-fbab-4a16-bcbe-4ddc28cd1994,Denise,Jones,xdawson@example.com,0151 496 0012,6 Joanne summit,DA2N 5HH,East Brendachester,Cheshire,GB,GB23EPHV78555805100975,BPKTGB8R
32f5a64d-9302-4d5b-9470-4ab69f818692,Elizabeth,Anderson,kingsara@example.net,+44(0)191 4960707,72 Joseph stream,DE6Y 5SX,East Gareth,Cheshire,GB,GB05MWUQ21629812618549,UMYEGBNLGXO
e224ab9a-13b2-4108-bf65-3a384c3e312b,Gemma,Rowe,haywardtracey@example.net,(0808) 1570138,2 Wilson ports,M2T 8GG,Philipview,Buckinghamshire,GB,GB36PDZC78857573494108,GCKEGBX3
04466537-e724-4a28-b78e-8afec1c24bee,Derek,Heath,nsanderson@example.org,(0141)4960714,"Flat 7
White green",N85 9ZA,Lake Janicetown,East Dunbartonshire,GB,GB38TCMC16836080440408,OGUSGB7S657
ee9f6c33-10d3-4f77-ba64-04a0df3629dd,Angela,Rowley,johnsonclifford@example.net,0115 4960906,"Studio 82
Georgia lock",BN3X 9QB,West Katieberg,Carmarthenshire,GB,GB58VXVW11179164539670,MRVDGBFH
f45a97b6-db73-4277-83e6-93c35d4e93bc,Roy,Harrison,lauren51@example.org,(0118) 496 0260,"Flat 44h
Green knoll",B8 7QA,Katiefort,Dundee City,GB,GB31FLRM18569435721384,HWEPGBJGKQQ
0a1ec596-7248-4ff0-aa1e-d9f1b8dd6cd4,Sean,Kelly,james17@example.org,+441174960924,"Studio 2
Bennett port",W28 2BQ,East Jacqueline,Hampshire,GB,GB09JBCD32687399822380,DXIPGBBA6L5
8916ad1d-1eb6-435c-8adb-b2dfc0565834,Victor,Martin,emilybartlett@example.net,(0131) 496 0551,8 Ward ridges,B28 6FW,Port Joyce,Gloucestershire,GB,GB27WGNT55512293997417,EMPEGB9B
84b3a3fc-9ef0-4c45-8e04-b75a8545c087,Rachael,Burton,jaynebrown@example.net,+44(0)3069990273,"Flat 7
Andrew falls",DH33 7XU,Williamshaven,Surrey,GB,GB54JWMD74487307907745,SLRSGB4RBL7
1dd7a0a6-cafa-4b28-804d-4e18c45e998d,Alex,Price,colealexander@example.org,+44808 1570927,"Studio 03
Carole crescent",B3C 3ZH,Janetmouth,Breconshire,GB,GB53DDOE68236214341582,RKOMGB7A
cb264d6c-c0d4-4f91-84fa-e2d23e31df31,Edward,Wood,ysheppard@example.net,(0118)4960807,"Flat 40y
Baker coves",N2K 1DQ,West Kieranburgh,Anglesey,GB,GB63QBVU41503889518745,FNCUGBDZ
7182c2ce-f698-4043-8a78-abf07c51d50f,Jordan,Thomas,brandon10@example.org,+44808 157 0257,8 Bull freeway,B41 7WS,Hillberg,Leicestershire,GB,GB72IAGD97267992601130,IHOLGB09Y0U
a18fbe48-7958-42d4-8c91-dd368f177af0,Ricky,Green,uspencer@example.net,+44(0)1144960296,"Flat 02
Hall summit",L26 4GB,Tommouth,Warwickshire,GB,GB27TLQS88322832776922,GTBXGBP5
f7cba389-85b4-4516-a7f0-2246b848ba05,Derek,Ford,ukelly@example.com,0161 496 0100,"Studio 9
Jeffrey parks",S31 8UH,Howardbury,Dundee City,GB,GB31JKDV28146533239757,YYYHGBZ3KM4
91401007-dd06-4103-b551-267fdf7df0d1,Graeme,Ford,dawn72@example.com,0131 4960414,592 Barrett knoll,SS0 7LL,Martinfort,Armagh,GB,GB39QRCF41034484577065,XZCJGB1YQVG
32b2873f-ee67-4798-b91a-1a1f503b347a,Guy,Wright,hunterkieran@example.org,(0115) 4960222,01 Phillip extension,G8E 6GU,Nicholasborough,Leicestershire,GB,GB79CWLL48745712930456,BWAWGBNP
451f9098-2139-400c-b4c0-8d5bf85189b2,Gordon,Bates,jacksonjayne@example.net,+44(0)115 4960604,"Flat 31h
Matthews junction",M13 7UQ,Nelsonstad,Worcestershire,GB,GB04SKFA05713046232686,EEELGB0AJOI
a2e65790-79f6-438e-a148-1fb3c236b41d,Rosemary,Burton,alexanderlouis@example.net,0118 496 0166,039 Thorpe view,SY5 0DX,West Joseph,Aberdeenshire,GB,GB97QAUY79023472561211,OBGYGBP9
047a414c-0f24-4370-b3b0-2fab28e926da,Charlie,Watts,joneskathleen@example.net,+44(0)1164960154,446 Gray brooks,E9S 5LH,Wallaceshire,Lincolnshire,GB,GB37CPSG57894739497651,RGNTGBPX
ffdac72a-d519-4130-8f1d-9ea719b1d958,Roy,Martin,edwardsbethany@example.org,+44161 496 0065,59 Max overpass,W9 3GY,Victorfurt,Denbighshire,GB,GB22JGAL45720778176277,MYHDGBBB
a75b4e93-5ead-458d-97de-075a41ee9d07,Sara,Kay,mellorbryan@example.net,+44292018912,"Flat 46g
Bailey junction",SY73 7PU,Connorton,Norfolk,GB,GB18REOZ13734103986075,PYWMGBDW
28863e00-61a3-42ec-9391-dd2e5a2fae6d,Rhys,Wyatt,vrobinson@example.org,+449098790066,"Studio 25C
Brown underpass",CB0Y 3EY,South Jamieburgh,Perth and Kinross,GB,GB80LFZF11087882250715,HLHPGBH0HWF
017b208e-581a-4e9b-a99a-30d41af86ce5,Bernard,Bibi,kyledavies@example.net,+441184960595,035 Steven ports,LA8 0QE,Cooperfort,West Dunbartonshire,GB,GB59LWQI93253911859185,YAJBGBOR
2b43431e-b10f-42bb-b6d2-d78e231d3f18,Margaret,Pickering,rebeccabond@example.org,029 2018128,"Studio 65
Roberts mission",LA1 9BX,North Mark,Glamorgan,GB,GB88QFII35281432955213,ACGRGBGA
5ee6caa3-761a-46d0-bb27-d68232f5d8f4,Louis,Randall,marilyn68@example.org,(028)9018990,"Studio 90a
Jasmine summit",B4U 6EG,Wardport,Cambridgeshire,GB,GB18WCBD55819634757461,HFPNGBOJ
ec6c447a-0360-4816-b679-dbfae190127c,Pamela,O'Neill,diana24@example.com,0113 4960639,85 Joe inlet,M2K 5XW,Bradleyborough,Cumbria,GB,GB79JUZG44081752609291,GCMPGBTI
15f62956-61e1-4ccf-888d-c97ff0d22543,David,Cooper,palmeramelia@example.net,(029)2018359,4 Carr trafficway,G54 8UG,Graybury,Scottish Borders,GB,GB05FGOP16523415054549,OFMVGBMNT1C
8076d40f-43ab-4189-b8ae-435c035c4a36,Clare,Sutton,jonespauline@example.org,(0113) 496 0326,"Flat 84
Declan glens",G90 3LB,Lake Jasmine,Scottish Borders,GB,GB58SWUQ16914162389266,MRUDGB82UZQ
cc829095-40fb-43a6-8d9c-019e5f872b97,Paula,Fletcher,allengordon@example.net,+44113 4960418,2 Smith river,TF6 2RR,Vincentfort,Caernarvonshire,GB,GB20BTTN22382785447063,MNZEGBO4D9Q
729da5b4-14c6-41ed-960d-c6cda7891825,Teresa,Hargreaves,bnorton@example.com,0114 496 0477,"Flat 20L
Rowe land",BA31 3RZ,East Christinefort,Aberdeen City,GB,GB90IEQA87861559897534,DVOTGBHY
898a72f0-7876-428b-88b7-f537076aff8c,Tina,Evans,charlie37@example.net,(0121) 4960150,44 Andrew ports,BD0W 3RD,Port Shirleyborough,Surrey,GB,GB02AWUD70696259859388,ZEINGB8A
3955d7ed-f91d-45a6-ba03-00a4bf00b65b,Max,Bailey,margaretgreen@example.org,0909 879 0021,"Studio 69v
Barrett stream",SO3P 1TD,Cooperborough,Cheshire,GB,GB13FKAZ77299595238975,OSJAGBGD
dc46ba2a-1d2e-4645-bef4-57dae6d235d6,Edward,Cooper,powellkenneth@example.com,+441314960494,"Studio 61N
Angela fall",L17 1JD,East Alicemouth,Northumberland,GB,GB82NTOH08878203359016,DFOBGB9J3FA
646f3f0d-7ba2-47df-b205-00b2b96e0426,Darren,Lewis,omurphy@example.net,+44292018704,"Flat 71
Carly burg",B62 9ST,South Russellview,West Yorkshire,GB,GB10DQJM88215674005078,MUMFGB1B
111de85e-9c2f-4509-887d-2afd3e9524aa,Samuel,Shaw,terencepatel@example.net,+441614960877,63 Shane alley,CH3A 9BP,Jonesland,Cleveland,GB,GB97QSNR05799138604851,HTNCGB94
810a08aa-5257-4028-88b9-769f533b8564,Jonathan,Young,holly32@example.net,028 9018008,940 Maureen vista,N83 9GW,West Marilyn,Cumbria,GB,GB55FKRO94192033454948,TQSFGBMH
5b561c9b-38b2-4b5c-8b3b-71c445b54c10,Beth,Harper,patelolivia@example.com,0118 496 0030,"Flat 2
Ahmed locks",SO1V 4XS,Port Russell,Northumberland,GB,GB81KTDP75044218811106,QGHFGB25Z6Z
41ac56b3-b8b1-4ee3-990e-9190a2f12f37,Olivia,Green,jonesamy@example.com,(0115) 4960466,"Studio 63
Miller junctions",L41 7AF,Smithton,Dumfries and Galloway,GB,GB16QWAZ28935998567447,OBVHGB7ECE1
5136c95e-24ea-40fd-8d05-79b1d8c3099f,Molly,Walker,mandywilson@example.net,(028) 9018672,"Studio 3
Harvey parks",SM8 7ER,East Garry,Moray,GB,GB86OBFY95214404620473,UIXMGBHVHS9
1694dbfa-e256-4f30-81c7-0833342cdbeb,Melissa,Whitehead,lewisjordan@example.org,01632960489,"Studio 90Z
Gavin via",SP2 5BW,Lucyburgh,Shetland Islands,GB,GB90TZXN33320075596452,TSDSGB1IFDG
57e61c60-342c-443b-a950-f6e976defd8c,Paige,Smith,kirstydobson@example.com,(01632) 960 056,"Flat 3
Gillian square",FY99 0NN,Judithchester,South Ayrshire,GB,GB49MXGM42041574959463,DXLAGBGURV6
6ccfb14d-e733-405f-898f-6fb3326fce61,Mohamed,Thomas,jakebishop@example.org,+441914960595,"Studio 3
Horton park",B23 5RJ,Lake Gordonfort,Radnorshire,GB,GB56LWND05179193198456,YLBYGBIHJBN
8fb1de5b-12e6-4438-af52-fab8f8ddd973,Denis,Perkins,hughhudson@example.net,+44(0)151 496 0473,"Flat 45
Anna isle",N8 5XF,Williamsview,West Yorkshire,GB,GB45XTYZ16704006697334,IFPFGBXRN81
0b2a2270-9332-4bb3-a72f-08a8f15775fb,Nathan,Hancock,aanderson@example.com,+443069990890,66 Ronald overpass,L5S 3TB,Aaronbury,Buckinghamshire,GB,GB31NZQN15663550270510,ORKRGB09
8d47d853-b9d6-4c72-af24-7846652de6bb,Stanley,Ross,alexbrown@example.org,0151 4960433,"Studio 54b
Paula club",BN01 9TY,Welchland,Tyne and Wear,GB,GB37GYCZ19748360187041,STLXGBW8HFN
d3645dcb-bdf0-4123-9e6e-8d20df9d0f7e,Martin,Hunt,rgriffiths@example.org,+44121 496 0688,"Studio 10Q
Stevens terrace",M4 5RQ,Paulinebury,Lincolnshire,GB,GB26VEVP63577020352457,LVBBGBG9E3Q
f95b119c-efc2-4979-bd93-da602e239e8f,Kyle,Alexander,david46@example.com,(01632) 960678,"Studio 38O
Beverley corner",DA15 8GN,East Brandonland,Carmarthenshire,GB,GB80XZEL68264340756687,RICLGBGI5QJ
ba161c7f-1a2c-4f9b-aabc-5db72c40b02e,Clifford,Smith,elliottday@example.org,+44121 4960034,"Studio 00
Geoffrey spurs",E9K 4RU,Port Declanville,West Sussex,GB,GB63NNOH75588356836310,VWMLGB7A
756f8236-6cb6-4780-8792-2cf232a06b2d,Toby,Dodd,katielowe@example.org,+44(0)191 4960391,5 Tony lodge,HR6 9TR,East Hilaryview,City of Edinburgh,GB,GB13SKFF72041154093835,OERZGB2X
4ef935a0-2662-4bef-b3bf-459f35e72794,Steven,Morgan,amberhardy@example.net,+44115 4960175,"Studio 92
Smith via",M7G 2QZ,West Martin,Angus,GB,GB44NVTF09000723040042,UBVGGBF0
2f1fe6c4-7628-4af3-b4ac-0f8d4b4aba11,Charlie,Wong,xmarshall@example.net,+44(0)113 496 0682,47 Hughes villages,N34 4UA,Abigailport,Essex,GB,GB59GQQK96070254146783,EAWAGBXMTBY
3dbff633-dc64-4fef-9d7b-d1af0a23cefd,Clifford,Walton,michaelcharlton@example.net,(0306) 999 0693,"Flat 6
Connor ports",PH9 1WJ,Kimfurt,Derbyshire,GB,GB78PIRW13706537462317,ZYBOGBN7
6a29703f-5487-4220-8d56-162a1bc76786,Victor,Todd,xmills@example.net,+44(0)1174960641,992 Charlene land,HA30 2FQ,West Lisa,West Dunbartonshire,GB,GB06IYKR98118663609696,HBXPGB2GTY7
fe9b3e8e-8d40-4062-aff3-6a36e42502db,Lisa,Lloyd,tcole@example.org,02074960081,"Flat 87z
Francesca unions",BL1Y 3AP,South Teresa,Derry and Londonderry,GB,GB57TFZL68299164248012,MOPMGBFRPTO
1f071cbf-1958-428a-b323-2ad77b71ba39,Phillip,Bennett,cgregory@example.com,(0191) 4960099,01 Hutchinson brooks,PE3 8DU,Lake Luke,Durham,GB,GB43PMTM28524418233319,YNYJGBRQ
bedf6aec-e2e9-4ef3-8686-1fe2fa3cb7e2,Luke,Brown,andersonglen@example.org,+44(0)909 879 0968,4 Walker corner,M1 5AT,Morganstad,Glasgow City,GB,GB11AMDM49852685535798,WAMOGBMA38D
a5d538c3-74f7-42f2-9663-c856e3ad3fb8,Julia,Wright,jay80@example.com,+44131 4960598,"Flat 0
Matthew mission",S7K 1AU,Boothside,Staffordshire,GB,GB73NUVC28524383731659,LENQGB1NRBM
9b5a06c7-123a-4f88-94cf-c7d0aa6265a0,Mitchell,Khan,danny52@example.org,(0117)4960153,"Flat 44s
Gray glen",OX16 5BJ,Walshside,East Dunbartonshire,GB,GB48DALU53821289093326,HGDLGB7QJ3Q
11d5a379-4fc8-4571-b542-6002e42ee537,Jade,Hall,allanadams@example.org,+44(0)1174960218,"Studio 1
Shaw islands",HD8R 3TG,Lake Annettebury,Durham,GB,GB89ANEA94016092369775,JYQSGBTUHOY
3a520606-e8ed-4039-aae7-b47300eb10fd,Kirsty,Lord,clifford28@example.com,(0141) 496 0223,"Flat 6
Roger skyway",M1F 3FA,Ashleighside,Breconshire,GB,GB02VENW91471995375065,EHQBGBH52RW
c8278570-62f0-4450-9bb2-153fc5b67499,Gavin,Dean,james54@example.org,(0161) 496 0568,26 Simpson junction,OL41 5JH,North Traceyville,Fermanagh,GB,GB89XXFZ30195192464605,JILNGBFI
e870c449-16dc-4de9-8489-059de3c7e26c,Edward,Ball,victoriagibson@example.com,+44(0)1144960303,"Flat 93z
McCarthy mission",N33 0DZ,Harveyville,Greater London,GB,GB28NPXA55301217564354,DLILGB8D
b8472330-a327-46fb-9174-f1e2981616a4,Jay,Davies,andrewwest@example.org,0113 4960530,1 Christopher greens,E7 6ES,Parkinsonmouth,Anglesey,GB,GB25HUSQ93206665106121,CMNAGBUVNDN
6121c123-92cf-4c5a-afa4-70485fe53fcd,Gary,Chapman,charlotte98@example.com,01632960368,"Flat 9
Anderson mews",E4G 7UZ,New Glenburgh,Aberdeen City,GB,GB09JIUY65850561353517,FNUSGBTK
02bea19e-09e7-436f-a343-dec36761f67a,Ian,O'Neill,robertsbrandon@example.net,01914960756,09 Ferguson ports,BT0 8ZU,Port Simonfurt,Oxfordshire,GB,GB98ICAS45084551447063,HRUSGBOT
2f4512b1-9e0d-4987-8575-35bd87068233,Jay,Holland,adrianwright@example.net,01174960465,"Studio 9
Norman well",TD8W 9UT,East Lynne,East Renfrewshire,GB,GB53JICV81537075230688,ETHRGBGAB3N
18cb7979-41a6-4b88-aeaa-b5345ca947b9,Joseph,Williams,mohammed69@example.org,+44(0)1174960417,"Studio 00
John extensions",UB85 2ER,East Marie,Nottinghamshire,GB,GB76WCCT37931429030343,TZIWGBLVBD8
82d7426a-9268-4a4c-82fb-453483b43088,Anne,Garner,adriandavies@example.net,+44(0)191 4960593,0 John parkway,KA8P 6GT,Francescaburgh,Wiltshire,GB,GB57WQQW68856829581697,LGXLGBFY8AW
4a308a61-adbd-49fb-a7a6-837c72101ebf,Joshua,Yates,staceybryant@example.org,(029) 2018756,7 James locks,G09 2PE,Ellisville,Staffordshire,GB,GB31HXPR30881542023731,WIYWGB6KCH2
06a83f99-34f0-4a7b-9529-dd5e4d321847,Timothy,Evans,bruce38@example.com,+44114 496 0738,4 Reeves parkways,NG43 3ZF,New Brandon,Glamorgan,GB,GB66IFSA11141476828849,FGNWGB6N
6d980cc7-a85f-474c-98d4-9b5b3e5b579e,Neil,Warren,jtaylor@example.net,+44115 4960807,161 Ford row,L9 7AJ,Port Jillland,Pembrokeshire,GB,GB36FLAR04971151683221,UXJVGBNY
1db00d5c-3e85-4429-bdd4-22fa8872592f,Nathan,Clarke,vrichardson@example.com,028 9018 0312,7 Winter field,LU3Y 0SQ,Lake Georginaville,City of Edinburgh,GB,GB38UJUA94792505854280,IWXKGB8Q
5a1208b8-6f46-46fd-afdb-12e1c5264dc9,Dean,Jones,carlmorgan@example.org,(0113) 496 0913,"Studio 36d
Carly ferry",WS2P 9UG,Joannaside,Somerset,GB,GB74GRIP55685453068684,KPFHGBHM
1b5951e0-ce47-4462-a381-224cc4db25c8,Andrea,Ellis,tayloraimee@example.com,(0113)4960745,02 Baker tunnel,G2 2WX,Port Neilport,Cambridgeshire,GB,GB44HTRW06892757249927,EPTIGBEFFFR
decd2334-cdbc-4a21-b018-80190577965e,Kyle,Thompson,istephens@example.com,+44117 496 0566,"Studio 6
Joyce camp",EC71 7UW,South Keithberg,Merionethshire,GB,GB69ZXSQ25125383461478,LHDFGBCQ
ca38fca4-e578-481f-8387-1083d2062bce,Lauren,Lambert,poperoger@example.net,01314960190,952 Abbie lodge,G0 7AD,Davisshire,Breconshire,GB,GB64ANRU67087348146595,FKFNGBOG
cdabaebb-379e-4b6b-b151-a8188bbd08f2,Hilary,Patel,jill70@example.org,+44808 157 0822,"Studio 07F
Parry flats",W2S 8YF,Eleanorville,Wiltshire,GB,GB86KXEV10380747058189,IWALGB7PMJL
5e93c0f2-ae77-4f57-9b75-8e0d5c66f2a4,Allan,Thompson,denisesmith@example.org,(0113) 4960212,46 Morrison burgs,PH9 5ZQ,West Conor,City of Edinburgh,GB,GB70WGOX73870836586262,PSYYGBZZMEX
289ec831-7045-45fa-98d5-8dec94238316,Aimee,Finch,fhart@example.org,0306 999 0677,37 Lisa rapids,LA59 8NB,Hillberg,East Renfrewshire,GB,GB37VKTO83404196722669,SLPPGBPOPGX
